{"cameraMode":{"drawMode":0,"name":"Shaded","section":"Shading Mode"},"sceneLighting":true,"audioPlay":false,"sceneViewState":{"m_AlwaysRefresh":false,"showFog":true,"showSkybox":true,"showFlares":true,"showImageEffects":true,"showParticleSystems":true,"showVisualEffectGraphs":true,"m_FxEnabled":true},"in2DMode":false,"pivot":{"x":2.489039897918701,"y":-5.284750938415527,"z":4.199915409088135},"rotation":{"x":-0.058775193989276889,"y":-0.0053937011398375038,"z":0.0003182025975547731,"w":-0.9982571601867676},"size":10.920249938964844,"orthographic":false}